Country,Birth Rate,Business Tax Rate,CO2 Emissions,Days to Start Business,Energy Usage,GDP,Health Exp % GDP,Health Exp/Capita,Hours to do Tax,Infant Mortality Rate,Internet Usage,Lending Interest,Life Expectancy Female,Life Expectancy Male,Mobile Phone Usage,Population 0-14,Population 15-64,Population 65+,Population Total,Population Urban,Tourism Inbound,Tourism Outbound
Afghanistan,0.044,3.59181774127081,6.92362862813843,2.19722457733622,9.13905916997122,22.8575179920384,0.091,3.40119738166216,5.61677109766657,0.082,0,-1.89047544216721,59,56,0.2,0.493,0.487,0.02,17.0593241165977,0.232,18.5691007490706,18.1975371926382
Albania,0.014,3.7244878815813,8.30795254527102,3.11351530921037,7.63046126178363,22.9351121419047,0.061,5.12396397940326,5.89715386763674,0.017,0.1,-2.04022082852655,80,73,0.6,0.258,0.654,0.089,14.9034083171872,0.478,20.7787005438345,20.712204889587
Algeria,0.022,4.28908863901461,11.5517903455919,3.2188758248682,10.4191962347431,25.485667568993,0.037,4.66343909411207,6.11146733950268,0.028,0.1,-2.52572864430826,72,68,0.6,0.282,0.673,0.045,17.3566789615922,0.646,19.5192930326205,20.0380868260356
American Samoa,0.0205,3.71235181029908,9.01140150935879,3.29583686600433,9.13905916997122,23.3928472537366,0.061,5.25227342804663,5.44241771052179,0.02,0.1,-2.13707065451647,75,69,0,0.298,0.643,0.053,10.9668007617172,0.88,20.2516609263337,19.7969247692188
Andorra,0.0105,3.71235181029908,6.28226674689601,3.29583686600433,9.13905916997122,21.5657651320412,0.062,7.87511928104029,5.44241771052179,0.003,0.6,-2.13707065451647,75,69,0.8,0.298,0.643,0.053,11.2690688720585,0.898,20.2516609263337,19.7969247692188
Angola,0.049,3.95316494875932,9.8603712614625,4.53796143629464,9.19431261089899,24.4559108162285,0.042,4.70953020131233,5.605802066296,0.12,0,-1.49165487677772,50,48,0.2,0.477,0.498,0.024,16.6558986313956,0.369,18.4502395461939,19.4139325169627
Antigua and Barbuda,0.018,3.77505715035499,6.01859321449623,3.04452243772342,4.9416424226093,20.8428579348181,0.045,6.4085287910595,5.33271879326537,0.01,0.3,-2.20727491318972,77,72,1.3,0.28,0.647,0.072,11.3322066231422,0.286,19.5423583055515,17.5650146338946
Argentina,0.018,4.67842064772768,11.9888614628691,3.40119738166216,11.1593243633625,26.5216354423942,0.083,6.51619307604296,6.11589212548303,0.015,0.2,-1.95899538860397,79,71,0.8,0.26,0.637,0.103,17.47878813811,0.903,22.0839859469469,22.3452250299342
Armenia,0.014,3.65325227647079,8.3478273457825,2.83321334405622,7.82304551052271,22.5771323962779,0.046,4.57471097850338,6.36388980113795,0.02,0.1,-1.68200860526894,77,70,0.4,0.214,0.67,0.108,14.9150927094966,0.642,19.5423583055515,19.5869516810943
Aruba,0.012,3.71235181029908,7.72929567431048,3.29583686600433,9.13905916997122,21.5887853375028,0.061,5.25227342804663,5.44241771052179,0.02,0.3,-2.1803674602698,77,72,1.05,0.213,0.694,0.089,11.5211912093873,0.445,20.8158450182395,19.3369714758265
Australia,0.013,3.88670519744386,12.8012899679228,1.09861228866811,11.6528613052677,27.339951060564,0.086,8.11072758297449,4.67282883446191,0.005,0.7,-2.47693848013882,84,79,0.9,0.195,0.673,0.13,16.8455428038139,0.882,23.7546547877084,23.5233481234951
Austria,0.009,3.958906591327,11.1312110625828,3.2188758248682,10.4011063488148,26.5069509171115,0.104,8.29804166137157,5.13579843705026,0.004,0.6,-2.13707065451647,83,77,1.1,0.158,0.677,0.164,15.9279807245968,0.658,23.6616867437873,23.1846479416875
Azerbaijan,0.017,3.71113006304876,10.4440078916372,3.13549421592915,9.40389032044331,23.7669436672799,0.053,5.00394630594546,5.9295891433899,0.042,0.1,-1.66073120682165,72,67,0.4,0.251,0.685,0.061,15.9537574204768,0.526,19.1188154660234,19.3606880024438
"Bahamas, The",0.016,3.80443779474821,7.36327958696304,3.31418600467253,6.55250788703459,22.7800040985013,0.069,7.39141523467536,4.06044301054642,0.012,0.3,-2.90042209374967,77,71,0.8,0.249,0.688,0.064,12.7237408056578,0.823,21.4488802076439,19.7713479274291
Bahrain,0.018,2.60268968544438,9.86308213790109,2.19722457733622,8.95059766821364,23.6413203588667,0.038,6.39526159811545,3.58351893845611,0.009,0.3,-2.52572864430826,76,75,1,0.252,0.727,0.022,13.7652178154893,0.884,21.2782997153767,20.2074276713569
Bangladesh,0.023,3.55962461825667,10.5903651200825,3.91202300542815,10.1105017219205,24.8488040574435,0.034,2.63905732961526,5.71042701737487,0.048,0,-1.8773173575897,68,67,0.1,0.338,0.619,0.044,18.7913383867207,0.275,18.1462438982506,19.9703686519807
Barbados,0.013,3.71235181029908,7.21007962817079,2.89037175789616,5.97635090929793,22.1642495941667,0.071,6.71659477352098,5.48479693349066,0.014,0.6,-2.3859667019331,77,72,0.9,0.203,0.69,0.107,12.5242463374414,0.328,20.7946558330331,19.4286386643523
Belarus,0.01,4.68767140749984,10.986376880739,3.67630067190708,10.199174996326,24.333153999553,0.063,5.49306144334055,6.84959636480861,0.007,0.2,-1.99510039324609,76,64,0.6,0.152,0.702,0.141,16.0776902363233,0.728,19.8094719852708,20.3302232488368
Belgium,0.011,4.04567939024082,11.5947358401678,1.38629436111989,10.976918776007,26.7146446573425,0.1,8.19090888118251,5.04985600724954,0.004,0.6,-2.54465665419377,82,77,0.9,0.17,0.657,0.172,16.1714428446499,0.974,23.1656128723156,23.6075636300541
Belize,0.026,3.50254987592244,6.0088131854426,3.78418963391826,5.1149953094205,20.9200243443159,0.045,5.25749537202778,4.99043258677874,0.018,0.1,-1.95192822138088,75,69,0.4,0.374,0.585,0.04,12.5389132959173,0.46,19.3289393041293,17.5997001918825
Benin,0.04,4.29319542096727,7.82883452758809,3.43398720448515,7.9098566672694,22.2719101968461,0.045,3.25809653802148,5.59842195899838,0.072,0,-2.13707065451647,59,56,0.1,0.443,0.529,0.029,15.9489277246143,0.403,18.6195316026975,17.89304800187
Bermuda,0.013,3.71235181029908,6.20455776256869,3.29583686600433,9.13905916997122,22.4123092538023,0.061,5.25227342804663,5.44241771052179,0.02,0.7,-2.13707065451647,82,76,0.85,0.298,0.643,0.053,11.0747770283684,1,19.881618648068,19.8243237434069
Bhutan,0.022,3.70868208141012,5.97126183979046,3.85014760171006,5.33513133967075,20.6153153992228,0.046,4.26267987704132,5.61312810638807,0.043,0,-1.96611285637283,65,65,0.3,0.329,0.629,0.041,13.4083960904103,0.317,17.3990294964204,17.5767106736578
Bolivia,0.028,4.38202663467388,9.47914538865827,3.91202300542815,8.57120777972248,23.1614167191138,0.056,4.0943445622221,6.98471632011827,0.042,0.1,-1.97328134585145,67,63,0.3,0.379,0.576,0.045,16.068631734869,0.647,19.5390956599167,19.7016145894144
Bosnia and Herzegovina,0.009,3.53514535417189,10.1510505083911,4.14313472639153,8.55091806081786,23.2409705855715,0.087,5.61677109766657,6.02707297457535,0.007,0.3,-2.53199825732185,78,73,0.5,0.186,0.68,0.136,15.1684200442528,0.392,20.3047154892896,19.0833687170276
Botswana,0.025,2.83907846350861,8.4084937744929,4.52178857704904,7.5717310822418,23.0364779907701,0.052,5.59471137960184,4.9416424226093,0.043,0,-1.84516024595517,47,47,0.4,0.354,0.613,0.033,14.4552274254959,0.553,19.2750960721084,19.1578448099291
Brazil,0.017,4.22610355173446,12.7579701525916,5.00394630594546,12.2971694159241,27.7162045748253,0.083,6.19644412779452,7.86326672400957,0.019,0.3,-0.677273831403655,76,68,0.5,0.272,0.665,0.063,19.0526667071918,0.831,22.2443095986179,22.7383021819339
Brunei Darussalam,0.019,3.41114771251532,8.73182058296211,4.75359019110636,7.92804560087478,23.096529899192,0.027,6.52209279817015,4.969813299576,0.008,0.4,-2.90042209374967,79,75,0.8,0.285,0.683,0.033,12.8338729783446,0.739,19.0677839860109,19.8792957666519
Bulgaria,0.01,3.47041245068363,10.7533606655406,3.46573590279973,9.86824890044342,24.2260924438223,0.073,5.6937321388027,6.42324696353352,0.013,0.3,-2.30258509299405,76,69,1.1,0.135,0.685,0.176,15.8566036059968,0.709,21.9223265969113,21.1273967220414
Burkina Faso,0.044,3.80332358850481,7.02642680869964,2.83321334405622,9.13905916997122,22.4887959269379,0.064,3.3322045101752,5.59842195899838,0.083,0,-2.13707065451647,54,52,0.1,0.464,0.51,0.025,16.4417906770071,0.223,17.7667542765457,18.1195756511684
Burundi,0.044,5.63371760020791,5.28826703069454,2.56494935746154,9.13905916997122,20.9647840592574,0.081,2.63905732961526,4.9416424226093,0.072,0,-1.78379129957888,52,49,0,0.449,0.524,0.027,15.9002603608634,0.096,14.3461388090264,17.5290826246686
Cambodia,0.026,3.06805293513362,7.9287663216267,4.58496747867057,8.15994665557855,22.7076305429576,0.062,3.36729582998647,5.04342511691925,0.048,0,-2.13707065451647,71,65,0.1,0.351,0.604,0.045,16.4222700246768,0.193,20.8267245453146,18.909260758771
Cameroon,0.04,3.90399083373088,8.25009775257285,3.63758615972639,8.81306662289431,23.6110288065226,0.049,3.8286413964891,6.4831073514572,0.076,0,-1.71479842809193,53,51,0.2,0.441,0.526,0.033,16.739313707028,0.491,19.2492325615185,19.9596961920899
Canada,0.011,3.76584049525007,13.2084952010336,1.38629436111989,12.4397643687569,27.9016550835462,0.1,8.26975694753298,4.77912349311153,0.005,0.7,-3.12356564506388,83,78,0.6,0.174,0.691,0.133,17.2989176821982,0.802,23.4887670016843,23.9839359834716
Cayman Islands,0.015,3.71235181029908,6.24027584517077,3.29583686600433,9.13905916997122,23.3928472537366,0.061,5.25227342804663,5.44241771052179,0.02,0.6,-2.13707065451647,75,69,1.7,0.298,0.643,0.053,10.8202981492571,1,20.0567605873329,18.6907078811654
Central African Republic,0.037,5.31713912078862,5.45958551414416,3.09104245335832,9.13905916997122,21.1110566854561,0.041,2.70805020110221,6.22257626807137,0.109,0,-1.71479842809193,47,44,0,0.417,0.544,0.04,15.2097983860324,0.382,15.7895915839863,17.6441519544534
Chad,0.049,4.30406509320417,5.99146454710798,4.15888308335967,9.13905916997122,22.7277282124778,0.045,3.2188758248682,6.59578051396131,0.1,0,-1.71479842809193,49,47,0,0.491,0.482,0.026,16.1531559909794,0.218,16.9510047738934,17.8408622486994
Chile,0.015,3.22286784613774,11.0305253153879,3.29583686600433,10.2916030223092,25.7645661963017,0.071,6.3750248198281,5.75574221358691,0.008,0.3,-2.52572864430826,81,75,0.8,0.243,0.675,0.082,16.6191454466446,0.877,21.3603716266227,21.1313940624741
China,0.012,4.27458061252503,15.5716457856416,3.63758615972639,14.4346400315272,28.6290580460298,0.047,4.53259949315326,6.13988455222626,0.019,0.1,-2.84731226843572,76,73,0.3,0.198,0.724,0.078,20.9940712971417,0.439,24.3377449684841,24.0640760685935
Colombia,0.021,4.38576962095272,11.0177435051923,3.66356164612965,10.2220140082829,25.8156261393469,0.061,5.4249500174814,5.44673737166631,0.018,0.2,-1.89047544216721,76,69,0.7,0.304,0.645,0.052,17.5960884501158,0.739,21.4209029227792,21.3104967919148
Comoros,0.039,5.38403624195057,4.70048036579242,3.09104245335832,3.66356164612965,19.8148923656875,0.038,3.3322045101752,4.60517018598809,0.069,0,-2.25379492882461,61,58,0.1,0.417,0.553,0.03,13.3318557742577,0.279,17.0541890101287,16.5235607590665
"Congo, Dem. Rep.",0.046,5.67125928295064,7.70796153183549,4.89034912822175,9.92049215135195,23.5183513265135,0.055,2.30258509299405,5.73009978297357,0.102,0,-0.767870726755882,50,46,0.1,0.461,0.511,0.028,17.8335289614697,0.38,15.4348988012515,18.5604426863275
"Congo, Rep.",0.039,4.17592454921452,7.19893124068817,4.59511985013459,7.01974378093019,22.7685378387605,0.024,3.91202300542815,6.40687998606931,0.057,0,-1.71479842809193,56,53,0.3,0.422,0.544,0.035,15.1093203185682,0.614,17.1405465786609,18.5604426863275
Costa Rica,0.017,4.01096295328305,8.86615849228492,4.22683374526818,8.30176976311717,23.8379566509358,0.081,6.01615715969835,5.64190707093811,0.009,0.3,-1.50507789710986,81,76,0.3,0.272,0.668,0.06,15.2954075054166,0.669,21.3465268900422,20.0940319821301
Cote d'Ivoire,0.037,3.79548918917219,8.83680988239837,3.68887945411394,9.16041456320646,23.5778551464236,0.065,4.07753744390572,5.59842195899838,0.087,0,-2.13707065451647,49,47,0.2,0.421,0.549,0.03,16.6869496067424,0.475,18.3481100511175,20.1593909920906
Croatia,0.01,3.06339092202781,10.0452908881105,3.09104245335832,9.07874995158859,24.6323862119157,0.07,6.67203294546107,5.27811465923052,0.006,0.4,-2.26336437984076,79,72,1,0.158,0.671,0.172,15.3052636274524,0.566,22.8340849143185,20.5712794799485
Cuba,0.011,3.71235181029908,10.1693457062579,3.29583686600433,9.33344256911017,24.5880536186584,0.081,5.88610403145016,5.44241771052179,0.005,0.1,-2.13707065451647,80,76,0,0.19,0.698,0.112,16.2381918314534,0.762,21.5198717258746,19.7969247692188
Curacao,0.013,3.71235181029908,9.01140150935879,3.29583686600433,9.13905916997122,23.3928472537366,0.061,5.25227342804663,5.44241771052179,0.02,0.1,-2.13707065451647,79,72,1.4,0.206,0.668,0.124,11.8509465015813,0.904,19.4395280641516,19.2226823294244
Cyprus,0.012,3.09104245335832,8.95001402953426,2.07944154167984,7.74932246466036,23.6375584142843,0.064,7.30921236569276,5.00394630594546,0.004,0.4,-2.63805782928218,81,77,0.8,0.195,0.697,0.109,13.8626937173071,0.681,21.660143202429,20.7537950419812
Czech Republic,0.01,3.8722421354163,11.7148780657133,2.99573227355399,10.6929217084076,25.7230025224166,0.069,6.87626461189077,6.56596894753716,0.004,0.5,-2.83021783507642,80,74,1.2,0.146,0.707,0.143,16.1432820928145,0.735,22.6256718262615,21.7789706246032
Denmark,0.012,3.35689712276558,10.8002896078264,1.79175946922806,9.86266555801587,26.3377687882253,0.099,8.52058742448425,4.90527477843843,0.004,0.9,-2.5133061243097,80,76,1.1,0.185,0.66,0.154,15.5087880224655,0.861,22.4490635504967,22.7363004464286
Djibouti,0.029,3.63230910262554,6.15909538849193,3.61091791264422,4.94875989037817,20.4604372538997,0.072,4.18965474202643,4.18965474202643,0.069,0,-2.18925640768704,60,57,0.1,0.365,0.601,0.034,13.576674521137,0.768,15.9672727612237,16.5101377387343
Dominica,0.015,3.61091791264422,4.7361984483945,2.56494935746154,3.72569342723665,19.7617139491219,0.05,5.6021188208797,4.76217393479776,0.012,0.4,-2.3538783873816,79,75,1,0.298,0.643,0.053,11.166059399165,0.669,18.0921766769803,16.1180956509583
Dominican Republic,0.023,3.66227877231676,9.93755075781183,3.02042488614436,8.87360810154911,24.3058132423115,0.054,5.28320372873799,5.78074351579233,0.028,0.1,-1.61445045425764,75,69,0.5,0.327,0.616,0.057,16.0646177615535,0.687,22.0885918916301,20.051880148168
Ecuador,0.023,3.56388296393925,10.2978917132849,4.17438726989564,9.27101205150892,24.56919271413,0.065,5.37527840768417,6.39692965521615,0.023,0.1,-1.99510039324609,78,72,0.6,0.323,0.62,0.057,16.4562452657082,0.619,20.0139892744566,20.3751257954575
"Egypt, Arab Rep.",0.024,3.7796338173824,12.0269938253781,2.19722457733622,11.0744980191592,25.4006081585824,0.051,4.36944785246702,6.19847871649231,0.024,0.1,-2.07147337203066,72,67,0.2,0.322,0.624,0.054,18.1058433335567,0.43,22.8191956961311,21.4915204899932
El Salvador,0.021,3.5481795720108,8.77245537261191,2.9704144655697,8.37804606000608,23.6437733611369,0.069,5.31320597904179,5.76832099579377,0.019,0.1,-1.96611285637283,76,66,0.6,0.35,0.586,0.064,15.6232568869664,0.622,20.3137927074407,19.4715023687841
Equatorial Guinea,0.038,3.7864597824528,8.45786772533142,4.90527477843843,7.22693601849329,22.8129030306233,0.024,5.65948221575962,6.19847871649231,0.085,0,-1.71479842809193,51,48,0.2,0.403,0.566,0.032,13.3399185427366,0.389,16.0668023565708,17.014183675515
Eritrea,0.04,4.43675153436313,6.40522845803084,4.43081679884331,6.61069604471776,20.9148459672328,0.032,2.07944154167984,5.37527840768417,0.046,0,-2.13707065451647,61,57,0,0.432,0.547,0.02,15.4319312340596,0.192,17.9665504638629,19.7969247692188
Estonia,0.011,3.88875437848879,9.7279429800212,1.94591014905531,8.55410354543633,23.5445553657919,0.051,6.42971947803914,4.39444915467244,0.005,0.6,-2.7333680090865,78,67,1.2,0.155,0.674,0.17,14.1132493912489,0.686,21.0314855606157,20.3608602182987
Ethiopia,0.038,3.41114771251532,8.59785109443369,2.89037175789616,10.2860251560006,23.4313695813485,0.043,2.07944154167984,5.28826703069454,0.065,0,-2.59026716544583,59,57,0,0.46,0.509,0.031,18.1759387285419,0.159,20.2754150123418,18.3902215364677
Faeroe Islands,0.013,3.71235181029908,6.64118216974059,3.29583686600433,9.13905916997122,21.258264589614,0.061,5.25227342804663,5.44241771052179,0.02,0.7,-2.13707065451647,82,77,1,0.298,0.643,0.053,10.8079890638353,0.401,20.2516609263337,19.7969247692188
Fiji,0.023,3.7220724214697,7.01660968389422,3.8286413964891,6.34300131319059,21.8241172884838,0.037,4.96284463025991,4.97673374242057,0.02,0.1,-2.57702193869581,72,66,0.3,0.3,0.657,0.042,13.6268408945101,0.503,20.3975356968571,18.5159909237567
Finland,0.011,3.8649313978943,11.0199070148541,2.63905732961526,10.4579184937828,26.0605608711482,0.083,8.10228362448007,5.54517744447956,0.003,0.8,-3.03655426807425,83,76,1.1,0.172,0.667,0.161,15.4768325102615,0.83,21.980305362209,22.1340088784686
France,0.013,4.17130560335823,12.8501346183996,1.94591014905531,12.4729727612993,28.4444842161358,0.11,8.27052509505507,4.88280192258637,0.004,0.5,-2.71810053695571,85,77,0.8,0.185,0.651,0.165,17.9684066141654,0.774,24.7205486863254,24.3952788489504
French Polynesia,0.018,3.71235181029908,6.73696695800186,3.29583686600433,9.13905916997122,21.9609276803888,0.061,5.25227342804663,5.44241771052179,0.02,0.3,-2.13707065451647,77,72,0.6,0.269,0.678,0.053,12.4596716843222,0.563,20.0230940414495,18.9274983463208
Gabon,0.033,3.79997350161952,7.48324441607385,4.04305126783455,7.46336304552002,22.9793862551933,0.034,5.37527840768417,6.19031540585315,0.049,0.1,-1.71479842809193,61,59,0.6,0.393,0.551,0.056,14.1611598420908,0.84,18.1396432142193,19.326921139973
"Gambia, The",0.044,5.6770962093937,5.77765232322266,3.29583686600433,4.70953020131233,20.4785332427955,0.045,3.17805383034795,5.9295891433899,0.056,0.1,-1.27654349716077,58,56,0.3,0.46,0.515,0.025,14.2091216844253,0.532,18.1263096833498,15.8949520996441
Georgia,0.013,3.31600253559892,8.53070154144103,1.94591014905531,7.98514393119862,22.772493009594,0.086,4.98360662170834,5.95842469302978,0.02,0.1,-1.72036947314138,77,70,0.4,0.179,0.674,0.143,15.2944752539255,0.526,19.7043885162972,19.3645866428595
Germany,0.008,3.85439389259151,13.6033811279132,2.89037175789616,12.7224378971854,28.6966794400488,0.107,8.22844388300403,5.27811465923052,0.004,0.7,-2.33304430047875,82,76,1,0.141,0.665,0.194,18.2254729794733,0.735,24.5418129791824,25.1773107619089
Ghana,0.034,3.4980215662977,8.91516361776214,2.63905732961526,9.06096991532191,23.7393025389812,0.053,3.87120101090789,5.41164605185504,0.057,0,-2.13707065451647,60,58,0.2,0.399,0.566,0.034,16.9041765078557,0.48,20.4963652367545,20.1698805987616
Greece,0.01,3.84374416467485,11.4693705728181,3.34990408727461,10.2799013962503,26.2384038774593,0.093,7.646353722446,5.41164605185504,0.005,0.3,-2.52572864430826,82,77,1,0.145,0.669,0.187,16.2218169939063,0.748,23.3120068383962,21.8367667381083
Greenland,0.016,3.71235181029908,6.36818718635049,3.29583686600433,9.13905916997122,21.1522534170372,0.061,5.25227342804663,5.44241771052179,0.02,0.6,-2.13707065451647,72,67,0.9,0.298,0.643,0.053,10.9466752175986,0.832,20.2516609263337,19.7969247692188
Grenada,0.019,3.81330703248899,5.37527840768417,2.99573227355399,4.38202663467388,20.3733714756683,0.062,6.07534603108868,4.9416424226093,0.013,0.2,-2.28278246569787,74,69,0.5,0.293,0.631,0.076,11.5450053584336,0.359,18.4599014571056,16.1180956509583
Guam,0.019,3.71235181029908,9.01140150935879,3.29583686600433,9.13905916997122,23.3928472537366,0.061,5.25227342804663,5.44241771052179,0.02,0.4,-2.13707065451647,80,74,0.4,0.292,0.642,0.066,11.972443057398,0.937,20.2516609263337,19.7969247692188
Guatemala,0.034,3.71113006304876,9.34495867370094,3.61091791264422,8.97430153267624,24.1321380430868,0.067,5.14166355650266,5.8406416573734,0.032,0.1,-2.00248050054371,73,66,0.6,0.429,0.528,0.043,16.3801040059437,0.476,20.63879668032,20.3001457935995
Guinea,0.04,4.3907385752759,7.11963563801764,3.68887945411394,9.13905916997122,22.0224621943247,0.06,2.99573227355399,6.03068526026126,0.082,0,-1.63989711991881,54,53,0.1,0.435,0.533,0.032,16.0977871217153,0.332,14.6264407741806,17.3990294964204
Guinea-Bissau,0.04,3.8264651170665,5.36129216570943,5.4701676234747,4.48300255201388,20.1759790937767,0.059,3.17805383034795,5.33753807970132,0.094,0,-2.13707065451647,54,52,0.25,0.427,0.544,0.029,14.1889062281544,0.417,14.8271114696428,16.8974205277593
Guyana,0.022,3.6609942506244,7.35627987655075,3.61091791264422,6.20959555659865,21.1006394189967,0.058,4.36944785246702,5.66296048013595,0.035,0.2,-1.93102153656156,68,62,0.5,0.368,0.596,0.037,13.548110736333,0.283,17.7858024715164,17.7667542765457
Haiti,0.028,3.6988297849671,7.63819824428578,5.29078910012725,7.80751004221619,22.3083574971805,0.056,3.40119738166216,5.21493575760899,0.066,0.1,-1.33180617583582,62,58,0.1,0.377,0.581,0.042,16.0550112187875,0.458,18.6675408218839,19.2919741098958
Honduras,0.028,3.78418963391826,8.90476584668281,3.02042488614436,8.29279885820037,23.1066678013181,0.079,4.77068462446567,5.41164605185504,0.025,0.1,-1.66600826392249,74,69,0.3,0.392,0.566,0.042,15.7667533204719,0.492,20.0616173234458,19.5869516810943
"Hong Kong SAR, China",0.01,3.15912582046243,10.5598410722671,2.39789527279837,9.52682853626963,25.9887307483624,0.061,5.25227342804663,4.38202663467388,0.02,0.6,-2.99573227355399,85,79,1.4,0.137,0.74,0.123,15.7407951697973,1,23.4667475298799,23.3654610952526
Hungary,0.01,4.01638302075239,10.9511924372637,2.35137525716348,10.1529613990964,25.446513705987,0.078,6.82762923450285,5.79909265446053,0.007,0.5,-2.3434070875143,77,69,1,0.153,0.686,0.159,16.1252073031074,0.669,22.3323036693592,21.7165176099567
Iceland,0.014,3.26956893918372,7.68109900153636,1.6094379124341,8.33302993974291,23.3073716334068,0.094,8.29903718161307,4.9416424226093,0.002,0.9,-1.87080267656851,83,80,1,0.218,0.664,0.118,12.6240656178822,0.932,20.147012407858,20.3651613001981
India,0.023,4.19418989719182,14.1598999425249,3.44998754583159,13.2236285184518,27.5787976728963,0.04,3.49650756146648,5.57594910314632,0.054,0,-2.16282315061889,66,63,0.1,0.318,0.634,0.048,20.8571753393284,0.296,22.9110010882615,22.8909471674757
Indonesia,0.021,3.62434093297637,12.7425426239583,4.46590811865458,12.1072076548659,26.6219858566392,0.028,3.85014760171006,5.5834963087817,0.032,0,-1.95899538860397,71,67,0.3,0.3,0.651,0.049,19.243582661417,0.467,22.480606379304,22.4203482592326
"Iran, Islamic Rep.",0.019,3.78872478908365,13.0590571633311,3.3322045101752,12.0801805703029,26.1299017406892,0.051,5.44241771052179,5.8406416573734,0.021,0.1,-2.12026353620009,74,70,0.2,0.249,0.701,0.05,18.0778605777918,0.682,21.1521218978452,22.2780363480382
Iraq,0.034,3.32503602069659,11.4557623452369,3.46573590279973,10.2039809582777,25.4387242773212,0.036,4.06044301054642,5.74300318780948,0.033,0,-1.98777435315401,73,66,0.5,0.418,0.547,0.034,17.150001559268,0.688,20.1344786717107,20.3737083607765
Ireland,0.015,3.23277873003719,10.6795502334234,2.56494935746154,9.57011052082222,26.0674509628051,0.076,8.22523532410167,4.33073334028633,0.004,0.5,-3.41124771751566,82,77,1.1,0.211,0.678,0.111,15.2680927686292,0.608,22.759799877615,22.5455545112093
Isle of Man,0.011,3.71235181029908,9.01140150935879,3.29583686600433,9.13905916997122,21.6441518288222,0.061,5.25227342804663,5.44241771052179,0.02,0.1,-2.13707065451647,82,75,0.5,0.298,0.643,0.053,11.3030435876392,0.519,20.2516609263337,19.7969247692188
Israel,0.021,3.4797004431501,11.0935997407989,2.99573227355399,9.92230930677672,25.7404501278261,0.076,7.32909373624659,5.4380793089232,0.004,0.3,-2.67364877438488,82,79,1.2,0.277,0.621,0.101,15.7690628598122,0.916,22.2060060963346,22.1305875652584
Italy,0.01,4.24992279404054,13.0228347122894,2.4423470353692,12.0575494350864,28.2585535132072,0.087,7.94378269245863,5.74939298590825,0.004,0.4,-2.88240358824699,84,79,1.4,0.141,0.661,0.198,17.8784328890057,0.679,24.4135942408255,24.0351583043811
Jamaica,0.016,3.91002100275747,9.27284557732758,2.07944154167984,8.22911103894312,23.2000580404833,0.051,5.24174701505964,6.02586597382531,0.018,0.2,-1.70925824771631,75,69,0.8,0.308,0.615,0.077,14.7912174641291,0.53,21.4435416848946,19.4102219375661
Japan,0.009,3.96081316959758,14.014024474705,3.09104245335832,13.1429304183443,29.169135526419,0.082,7.97728198675515,5.85793315448346,0.003,0.7,-4.01738352108597,86,79,0.8,0.137,0.659,0.204,18.6652259571507,0.871,23.2517107887489,24.3862119090338
Jordan,0.03,3.43720781918519,9.9394819127595,2.56494935746154,8.81951754060489,23.4351046647969,0.091,5.41164605185504,4.91265488573605,0.02,0.1,-2.40794560865187,74,71,0.8,0.374,0.594,0.032,15.5267827762796,0.814,21.6095096474683,20.6782684710157
Kazakhstan,0.02,3.63890108430769,12.0836055316881,3.04452243772342,10.9358620994309,25.1177627054929,0.039,5.34710753071747,5.6021188208797,0.027,0,-2.13707065451647,72,61,0.5,0.251,0.68,0.071,16.5438916128396,0.545,20.6958946401503,20.7815347450704
Kenya,0.038,3.89792408104864,9.16691081404885,3.66356164612965,9.71253888904166,23.8369649533521,0.044,3.3322045101752,6.00388706710654,0.059,0.1,-1.91054300521802,57,55,0.2,0.427,0.546,0.027,17.4198527900233,0.22,20.8401595884179,18.9972941082564
Kiribati,0.024,3.45946628978613,3.78418963391826,3.43398720448515,2.19722457733622,18.4803391014387,0.107,4.82028156560504,4.78749174278205,0.05,0,-2.13707065451647,69,64,0,0.364,0.6,0.037,11.4290328559276,0.436,14.8802212949567,16.0455249581235
"Korea, Dem. Rep.",0.015,3.71235181029908,11.2616010366393,3.29583686600433,9.89706698473321,23.3928472537366,0.061,5.25227342804663,5.44241771052179,0.026,0.1,-2.13707065451647,72,65,0,0.243,0.681,0.077,16.9923101437429,0.599,20.2516609263337,19.7969247692188
"Korea, Rep.",0.01,3.42100000895834,13.0622013985521,2.83321334405622,12.2718603860682,27.5278082406227,0.061,7.09090982207998,5.52146091786225,0.005,0.8,-2.81341071676004,82,76,0.9,0.186,0.718,0.097,17.6944305755384,0.815,22.8665034367063,23.5519985698042
Kosovo,0.019,2.76945882923085,9.01140150935879,4.00733318523247,7.60065242828687,22.0888921549459,0.061,5.25227342804663,5.09681299033731,0.02,0.1,-1.95899538860397,71,67,0.5,0.275,0.659,0.067,14.357565044954,0.56,20.2516609263337,19.7969247692188
Kuwait,0.021,2.37024374146786,11.1781098553844,3.55534806148941,10.1690965471685,25.3439269545494,0.026,6.84906628263346,4.58496747867057,0.01,0.3,-2.7333680090865,75,73,0.6,0.255,0.715,0.031,14.6982217552752,0.982,20.0459920055428,22.52728320357
Kyrgyz Republic,0.023,4.10098910494077,8.58073121222023,2.89037175789616,7.83181574812065,21.7650145702995,0.061,3.63758615972639,5.30826769740121,0.033,0.1,-1.37436579025462,72,65,0.2,0.308,0.638,0.054,15.467701399464,0.353,19.0572575730239,18.7713376155655
Lao PDR,0.029,3.49195174493062,7.26822302115957,4.53259949315326,9.13905916997122,21.962479088667,0.041,3.2188758248682,6.13339804299665,0.068,0,-1.25526609871349,66,64,0.2,0.396,0.566,0.037,15.5897728403249,0.285,18.8906843731981,16.4545678875795
Latvia,0.009,3.60004824040732,8.87234697898303,2.77258872223978,8.39400809084586,23.7157451451911,0.064,6.38012253689977,5.65073325356639,0.01,0.5,-2.52572864430826,77,66,1,0.146,0.677,0.175,14.6122773897565,0.679,20.2484506507035,20.4631989315276
Lebanon,0.014,3.4904285153901,9.6955404481032,3.34990408727461,8.56388591940822,23.8050084337904,0.08,6.30261897574491,5.19295685089021,0.011,0.2,-2.2730262907525,80,76,0.3,0.274,0.65,0.076,15.2215641630864,0.867,22.5098452461329,22.0878257059203
Lesotho,0.029,2.98315349134713,2.89037175789616,4.0342406381524,3.15700042115011,21.0801305828716,0.075,3.95124371858143,5.78074351579233,0.082,0,-2.04022082852655,46,45,0.2,0.393,0.561,0.045,14.4784113949803,0.228,17.1113474239686,19.3606880024438
Liberia,0.04,3.75887182593397,6.35610766069589,2.99573227355399,9.13905916997122,20.2191320759715,0.102,2.89037175789616,5.06259503302697,0.077,0,-1.86433016206289,57,55,0.1,0.433,0.537,0.031,15.0348027194386,0.464,18.6317517140323,17.7174832275389
Libya,0.022,3.45315712059287,10.8610737668175,3.55534806148941,9.77551212548229,24.5074554708647,0.035,5.52942908751142,6.79009723551391,0.019,0,-2.79688141480883,76,72,0.7,0.303,0.654,0.043,15.5536011062196,0.77,18.9513089950145,20.637163137893
Liechtenstein,0.011,3.71235181029908,9.01140150935879,3.29583686600433,9.13905916997122,21.9920048825891,0.061,5.25227342804663,5.44241771052179,0.02,0.6,-2.13707065451647,84,79,0.8,0.298,0.643,0.053,10.4639030206421,0.147,20.2516609263337,19.7969247692188
Lithuania,0.01,3.81441017656115,9.49777241317275,3.25809653802148,9.08330213880546,24.1326417383879,0.065,6.3135480462771,5.11198778835654,0.008,0.4,-2.68824757380603,78,66,1.5,0.163,0.685,0.153,15.00027271374,0.668,20.7567006130327,20.5885909336198
Luxembourg,0.012,2.99573227355399,9.28656039788759,3.17805383034795,8.33591109419695,24.4738206055529,0.075,8.85779972717591,4.07753744390572,0.003,0.7,-2.13707065451647,82,77,1.4,0.184,0.672,0.142,13.0660829309793,0.87,22.0791009905816,21.8668514912573
"Macao SAR, China",0.008,3.71235181029908,7.33693691370762,3.29583686600433,9.13905916997122,23.4021418859011,0.061,5.25227342804663,5.44241771052179,0.02,0.5,-2.81341071676004,81,77,1.3,0.161,0.766,0.074,13.0811413028627,1,23.031335860171,20.4709509083319
"Macedonia, FYR",0.011,2.77258872223978,9.33335414787133,2.484906649788,7.94679447611535,22.6043398053299,0.078,5.50533153593236,5.01063529409626,0.012,0.3,-2.1803674602698,77,72,0.6,0.192,0.694,0.113,14.5544916324678,0.574,18.8653665652138,18.5159909237567
Madagascar,0.037,3.70130197411249,7.49997654095212,2.07944154167984,9.13905916997122,22.4307803424055,0.049,2.70805020110221,5.39135223251523,0.052,0,-1.22077992264232,63,60,0.1,0.446,0.525,0.029,16.7507561439385,0.294,19.4853914809448,18.5159909237567
Malawi,0.042,3.47506723022861,6.8596149036542,3.66356164612965,9.13905916997122,21.8600693532602,0.082,2.89037175789616,5.45318207710895,0.068,0,-1.13010295575948,50,50,0,0.46,0.509,0.03,16.4038409741214,0.151,17.6221730477346,18.2581618144546
Malaysia,0.018,3.53660201866836,12.0473582343717,3.23867845216438,11.0605416903479,25.8151275537629,0.036,5.40267738187228,4.97673374242057,0.007,0.5,-2.79688141480883,76,72,0.8,0.297,0.659,0.045,17.0861093089151,0.675,23.2312377596654,22.3495608664469
Maldives,0.022,2.23001440015921,6.65544035036765,2.19722457733622,5.59471137960184,20.9882235094684,0.067,5.65948221575962,5.52942908751142,0.017,0.1,-2.04022082852655,76,74,0.9,0.332,0.621,0.047,12.620910359885,0.35,20.9343368070264,18.4789496520763
Mali,0.048,3.93963817246112,6.34212141872115,3.2188758248682,9.13905916997122,22.5352598687679,0.064,3.49650756146648,5.59842195899838,0.093,0,-2.13707065451647,52,52,0.1,0.464,0.505,0.03,16.3271844959823,0.328,18.9031068931967,18.9184211281697
Malta,0.01,3.71235181029908,7.85321638815607,3.68887945411394,6.72383244082121,22.5780194463069,0.085,7.27586460054653,4.93447393313069,0.006,0.4,-2.86470401114759,82,77,0.8,0.168,0.694,0.136,12.9124025508869,0.939,20.6886743921768,19.5553034701435
Marshall Islands,0.035,4.17130560335823,4.47733681447821,2.83321334405622,3.38439026334577,18.7808139183133,0.176,6.29526600143965,4.85203026391962,0.033,0,-2.13707065451647,68,63,0,0.298,0.643,0.053,10.8620903681959,0.702,15.0682735264596,12.6115377536383
Mauritania,0.037,4.45201900649392,7.42416528104203,3.73766961828337,9.13905916997122,21.8308487238811,0.054,3.40119738166216,6.54534966033442,0.074,0,-1.56064774826467,62,59,0.3,0.413,0.555,0.031,14.9903777743316,0.539,20.2516609263337,19.7969247692188
Mauritius,0.014,3.26193531432865,8.13446757027756,1.79175946922806,7.02553831463852,22.6300692226074,0.046,5.59471137960184,5.08140436498446,0.014,0.2,-1.56064774826467,76,69,0.6,0.236,0.696,0.068,14.0408101832796,0.414,20.9871673807328,19.6648353379111
Mexico,0.021,3.958906591327,12.9832070516064,3.2188758248682,12.0570330485045,27.5204393735942,0.058,6.24416690066374,6.21660610108486,0.016,0.2,-2.59026716544583,78,73,0.5,0.319,0.627,0.054,18.5350507975614,0.766,23.2523488490672,22.9150310948352
"Micronesia, Fed. Sts.",0.025,4.07499183370629,4.76217393479776,2.77258872223978,9.13905916997122,19.3488652832417,0.12,5.65248918026865,4.85203026391962,0.036,0.1,-1.8773173575897,69,67,0.3,0.385,0.575,0.039,11.5682277127549,0.223,16.9065530113226,15.7614207070196
Moldova,0.012,3.59731226058845,8.42376124662369,2.94443897916644,8.11701408773731,21.9495247110943,0.106,4.61512051684126,5.4380793089232,0.018,0.2,-1.64506509007725,72,64,0.4,0.182,0.705,0.112,15.0923273287824,0.452,18.8261458520605,19.2271566098193
Monaco,0.02,3.71235181029908,9.01140150935879,3.29583686600433,9.13905916997122,22.2210524871804,0.039,8.53993267838573,5.44241771052179,0.004,0.6,-2.13707065451647,75,69,0.5,0.298,0.643,0.053,10.4449102742795,1,20.2516609263337,19.7969247692188
Mongolia,0.021,3.37416870927424,9.06496771896043,2.56494935746154,7.92840602618054,21.9511660590295,0.06,4.27666611901606,5.28826703069454,0.035,0.1,-1.3130438993803,70,62,0.3,0.282,0.681,0.037,14.7553209220733,0.635,19.3489000466918,19.1720968326363
Montenegro,0.013,3.26956893918372,7.7484600238997,2.484906649788,7.01929665371504,21.7150426616439,0.076,5.88887795833288,5.91889385427315,0.009,0.3,-2.3538783873816,77,71,1.6,0.2,0.673,0.126,13.3323876460372,0.624,20.5314998213245,18.0781904350056
Morocco,0.021,3.90399083373088,10.7314059817813,2.484906649788,9.50951860956639,24.9074070402841,0.053,4.72738781871234,5.8805329864007,0.034,0.2,-2.05182637464686,71,68,0.5,0.302,0.648,0.05,17.2297918704742,0.556,22.6547872485496,20.8303249092398
Mozambique,0.043,3.62434093297637,7.56112158953024,3.31418600467253,9.06131818558315,22.6827845153584,0.062,3.09104245335832,5.4380793089232,0.087,0,-1.65548185093551,49,47,0.1,0.45,0.519,0.032,16.8876165242732,0.302,18.7922443003848,19.0936252171948
Myanmar,0.019,3.96461545554732,9.21910187764476,4.27666611901606,9.557823197546,23.3928472537366,0.021,1.6094379124341,5.04342511691925,0.049,0,-1.8773173575897,66,62,0,0.277,0.674,0.05,17.7374852803832,0.294,18.3588053402343,17.4398514909406
Namibia,0.029,3.11573506594869,7.74500280351584,4.32413265625498,7.16549347506085,22.8000299753287,0.069,5.63478960316925,5.82600010738045,0.044,0,-2.17155683058764,60,55,0.3,0.395,0.571,0.033,14.5347790860841,0.376,19.923646411876,18.5691007490706
Nepal,0.027,3.48124008933569,8.02191277898571,3.43398720448515,9.1194852536321,22.9253359176249,0.056,2.99573227355399,5.92157841964382,0.044,0,-2.52572864430826,66,64,0,0.391,0.564,0.045,17.0594318307301,0.155,19.270831673322,19.380030965287
Netherlands,0.011,3.67630067190708,12.0565744593836,2.07944154167984,11.266705182326,27.2419588080206,0.108,8.40267980462748,5.14749447681345,0.004,0.8,-3.50655789731998,82,78,1.1,0.183,0.675,0.142,16.6094999559208,0.836,23.5871224891868,23.5827773905891
New Caledonia,0.017,3.71235181029908,7.93020620668468,3.29583686600433,9.13905916997122,21.7099580183555,0.061,5.25227342804663,5.44241771052179,0.02,0.3,-2.13707065451647,79,72,0.7,0.262,0.664,0.074,12.3819526667759,0.646,18.7956866445758,18.8781055909912
New Zealand,0.014,3.5567756134806,10.4237088979425,1.87180217690159,9.74817786798897,25.4576319436453,0.085,7.73848812249465,5.14749447681345,0.005,0.7,-2.63108915996608,82,78,0.9,0.213,0.663,0.121,15.2469216778873,0.861,22.3133170355803,21.6710552358799
Nicaragua,0.025,4.15103990589865,8.39185670010494,3.66356164612965,7.94803199063728,22.6381776572231,0.063,4.35670882668959,5.48063892334199,0.025,0,-2.01740615076038,75,69,0.3,0.371,0.587,0.042,15.5247805926111,0.562,19.2579282684861,19.0519525207942
Niger,0.051,3.7635229971097,6.7202201551353,3.04452243772342,9.13905916997122,22.017096162224,0.071,3.04452243772342,5.59842195899838,0.079,0,-2.13707065451647,55,55,0,0.492,0.483,0.025,16.4314239055987,0.169,17.5412039852009,17.5531801762476
Nigeria,0.042,3.47196645255036,11.4418375432545,3.3322045101752,11.5783105027115,25.7029593503822,0.061,4.07753744390572,6.85329909318608,0.094,0.1,-1.72036947314138,50,49,0.2,0.436,0.536,0.027,18.7805549278611,0.399,19.3606880024438,22.309639809782
Norway,0.012,3.70622809244855,10.6611576291116,1.94591014905531,10.2083585454086,26.5523341998672,0.098,8.821437352167,4.46590811865458,0.003,0.8,-2.87351464082974,83,78,1,0.195,0.658,0.149,15.3546712745198,0.779,22.1793194424812,23.1456763230088
Oman,0.022,3.07269331469012,10.3856358854153,3.19867311755068,9.47097236770138,24.328862628014,0.028,5.84643877505773,4.12713438504509,0.011,0.1,-2.60369018577797,77,73,0.7,0.34,0.635,0.025,14.7535255989326,0.73,20.4342495414815,20.6112163331378
Pakistan,0.028,3.54385368206368,11.8250757345892,3.17805383034795,11.2617167453877,25.6451723609483,0.03,3.3322045101752,6.3279367837292,0.079,0.1,-2.04794287462047,66,65,0.2,0.376,0.583,0.042,18.8963296212583,0.351,20.6311505480386,21.2007414810308
Panama,0.022,3.7796338173824,8.85480763261623,2.70805020110221,7.99091546309133,23.5645057056251,0.077,5.85793315448346,6.1779441140506,0.019,0.2,-2.47693848013882,79,73,0.6,0.305,0.633,0.062,15.0476360307578,0.64,21.077437650667,19.814447119911
Papua New Guinea,0.032,3.73409179693548,8.16422565226583,3.93182563272433,9.13905916997122,22.4458003441852,0.042,3.46573590279973,5.30081424674662,0.055,0,-2.22562405185792,63,59,0,0.399,0.575,0.026,15.6474193154965,0.131,15.2505950832536,17.9098551201864
Paraguay,0.025,3.55534806148941,8.31139827843664,3.55534806148941,8.30375241556341,23.0899531002346,0.07,4.82028156560504,5.79301360838414,0.023,0.1,-1.2623083813389,74,69,0.5,0.353,0.598,0.048,15.6097304977505,0.576,18.5340094292594,18.8524631603779
Peru,0.022,3.6283329542459,10.4649302420986,4.22683374526818,9.50651131182387,25.1955230497921,0.047,5.00394630594546,5.99645208861902,0.02,0.2,-1.4740332754279,75,70,0.3,0.316,0.629,0.055,17.14881046797,0.754,21.2970662598738,20.7691947688348
Philippines,0.027,3.85227300102237,11.2024113812687,3.79548918917219,10.5651827649463,25.5290125987075,0.039,4.00733318523247,5.27299955856375,0.027,0.1,-2.39689577246529,71,64,0.5,0.367,0.598,0.035,18.2856233075151,0.463,21.7716369091778,21.3745488134077
Poland,0.01,3.75419892023458,12.627594812953,3.43398720448515,11.4510713376215,26.5571110308116,0.063,6.31716468674728,6.00758392898787,0.006,0.4,-2.57702193869581,80,71,1,0.16,0.707,0.133,17.4579188357269,0.613,22.8178422662105,22.7584942239499
Portugal,0.01,3.75302727393769,11.0231435281326,1.70474809223843,10.1144775476778,26.0304955732137,0.1,7.5522372875608,5.79301360838414,0.004,0.4,-2.13707065451647,82,75,1.1,0.155,0.672,0.173,16.1682985310602,0.581,23.0687188301676,22.1444445999198
Puerto Rico,0.012,4.07923092441205,9.01140150935879,1.94591014905531,9.13905916997122,25.1923432311834,0.061,5.25227342804663,5.38449506278909,0.02,0.3,-2.13707065451647,82,74,0.6,0.219,0.658,0.123,15.1518827894835,0.941,21.8788883803313,21.0739227085596
Qatar,0.014,2.4248027257183,10.8567079134952,2.07944154167984,9.80515781846292,24.832205719116,0.026,7.37148929521428,3.58351893845611,0.009,0.3,-2.65926003693278,78,77,1,0.21,0.778,0.013,13.7825761246857,0.978,20.0261106349889,20.3536503817319
Romania,0.01,3.81220267014594,11.4658443395617,2.35137525716348,10.5561121729076,25.5329743723784,0.053,5.66642668811243,5.30826769740121,0.017,0.2,-1.75446368448436,76,69,0.7,0.152,0.7,0.148,16.8692173566932,0.533,21.2124591605853,21.1010171064871
Russian Federation,0.01,3.9070104636046,14.2886174919748,3.36729582998647,13.3840381734739,27.6209006182996,0.056,5.89989735358249,5.95064255258773,0.013,0.2,-2.17155683058764,73,60,1,0.152,0.713,0.133,18.7791512698685,0.735,22.9974514554188,23.6925514604854
Rwanda,0.038,3.47196645255036,6.38687931936265,2.70805020110221,9.13905916997122,21.8579939669071,0.1,3.46573590279973,5.07517381523383,0.061,0,-1.80180980508156,58,56,0,0.447,0.53,0.024,16.0836021310005,0.202,18.8127228317284,18.2463273568076
Samoa,0.029,2.9391619220656,5.06259503302697,3.55534806148941,4.04305126783455,19.931585668912,0.057,4.85981240436167,5.41164605185504,0.016,0,-2.17155683058764,75,68,0.1,0.393,0.558,0.049,12.1066555438555,0.21,18.2814186766189,16.8695117396422
San Marino,0.01,3.74242022104197,9.01140150935879,3.68887945411394,9.13905916997122,20.9988939274343,0.053,8.13123654969612,3.95124371858143,0.004,0.5,-2.61046987276335,85,79,0.6,0.298,0.643,0.053,10.3132766321243,0.94,20.2516609263337,19.7969247692188
Sao Tome and Principe,0.037,3.85121086603139,4.34380542185368,4.969813299576,3.77276093809464,18.7221315557686,0.079,4.35670882668959,6.04973345523196,0.046,0.1,-1.1679623668029,67,63,0.2,0.418,0.542,0.039,11.9754386104567,0.588,15.8567308868239,14.0778748224318
Saudi Arabia,0.023,2.67414864942653,12.8887502104319,3.04452243772342,11.8832779435163,26.655246091454,0.037,6.28599809450887,4.36944785246702,0.016,0.2,-2.13707065451647,76,72,0.8,0.335,0.634,0.03,17.049154239267,0.812,22.6342147597687,23.4961670103682
Senegal,0.039,3.81771232595691,8.57168137670031,3.52636052461616,7.93540847870975,22.9595733789533,0.05,3.78418963391826,6.50128967054039,0.055,0.1,-2.13707065451647,63,60,0.3,0.44,0.529,0.032,16.265042588887,0.413,19.6115683087296,18.749984491095
Serbia,0.01,3.52636052461616,10.8567079134952,3.13549421592915,9.68769193888446,24.0981562578817,0.094,5.91620206260744,5.63121178182137,0.007,0.4,-1.79576749062559,76,71,1.2,0.178,0.682,0.138,15.818552715749,0.548,20.6730246205097,20.8240157400466
Seychelles,0.018,3.81441017656115,6.54678541076052,3.66356164612965,5.46171091345647,20.6389090374462,0.04,5.97635090929793,4.33073334028633,0.012,0.35,-2.23492644452023,78,68,0.8,0.238,0.688,0.076,11.3456895455943,0.513,19.213673259482,17.5290826246686
Sierra Leone,0.041,5.46043621602447,6.46458830368996,3.06805293513362,9.13905916997122,21.3584814802364,0.155,3.93182563272433,5.93489419561959,0.125,0,-1.50507789710986,43,43,0.15,0.426,0.549,0.025,15.4796087999557,0.371,17.3418710825804,17.1828063879507
Singapore,0.01,3.30871652886799,10.3208482928907,1.50407739677627,10.0996914685944,25.7190860452571,0.037,7.06219163228656,4.4188406077966,0.002,0.6,-2.91877123241786,83,78,1,0.188,0.729,0.083,15.2974332300976,1,22.7429573742205,23.1452326869605
Sint Maarten (Dutch part),0.013,3.71235181029908,9.01140150935879,3.29583686600433,9.13905916997122,23.3928472537366,0.061,5.25227342804663,5.44241771052179,0.02,0.1,-2.13707065451647,77,72,0.5,0.298,0.643,0.053,10.5413862588656,1,20.2940202001728,18.4694709081218
Slovak Republic,0.01,3.85756681963209,10.5648602279969,3.11351530921037,9.81580322189124,24.9574027047784,0.073,6.63463335786169,5.67332326717149,0.008,0.6,-2.46510402249182,78,70,0.9,0.163,0.719,0.118,15.4979883151642,0.554,21.2270668457754,20.9302800063307
Slovenia,0.009,3.59043938130068,9.64859530290734,3.67630067190708,8.87388813515497,24.3854199930265,0.086,7.38398945797851,5.56068163101553,0.003,0.5,-2.4949569856415,82,75,0.9,0.142,0.7,0.158,14.5120858558099,0.504,21.4527449467537,20.7796461703825
Solomon Islands,0.034,3.26193531432865,5.19295685089021,4.02535169073515,4.06902675423781,19.9396148862669,0.064,4.20469261939097,4.38202663467388,0.029,0,-1.93794197940614,67,65,0,0.412,0.557,0.03,13.0830922629809,0.183,17.3793935219035,17.0926552909565
Somalia,0.047,3.71235181029908,6.35610766069589,3.29583686600433,9.13905916997122,23.3928472537366,0.061,5.25227342804663,5.44241771052179,0.105,0,-2.13707065451647,54,51,0.1,0.477,0.495,0.029,15.9774154521147,0.356,20.2516609263337,19.7969247692188
South Africa,0.023,3.50254987592244,12.9594773217004,3.27714473299218,11.7634351250676,26.2878132147062,0.086,6.10702288774225,5.29831736654804,0.05,0.1,-2.14558134418438,55,52,0.8,0.305,0.649,0.046,17.6923156905737,0.601,22.8847480889625,22.3776771150232
South Sudan,0.039,3.26956893918372,9.01140150935879,2.83321334405622,9.13905916997122,23.5167907921155,0.021,3.46573590279973,5.38449506278909,0.083,0.1,-2.13707065451647,53,50,0.2,0.438,0.529,0.033,15.9409876399853,0.173,20.2516609263337,19.7969247692188
Spain,0.01,4.07243972683405,12.6794985371501,3.85014760171006,11.7656821859801,27.8431865654238,0.084,7.77106708606541,5.40941141405362,0.005,0.5,-2.95651156040071,84,78,1,0.146,0.685,0.169,17.6086896426965,0.775,24.7757983313541,23.7362484639069
Sri Lanka,0.019,4.12228393091134,9.37058672111828,3.68887945411394,9.10180816515272,24.0649754071096,0.037,4.04305126783455,5.54517744447956,0.011,0,-2.02495335639577,77,70,0.3,0.253,0.673,0.072,16.8041175065757,0.184,20.4355837644946,20.3168002285047
St. Kitts and Nevis,0.017,3.958906591327,5.45958551414416,2.94443897916644,4.36944785246702,20.260455121361,0.041,6.24804287450843,5.14749447681345,0.01,0.5,-2.36446049671213,74,69,1,0.298,0.643,0.053,10.8162320037836,0.32,18.3588053402343,16.2134058307626
St. Lucia,0.017,3.53222564406856,5.90536184805457,2.86220088092947,4.7999142627806,20.7411737949997,0.065,5.97380961186926,4.40060302024682,0.015,0.2,-2.24431618487007,76,71,0.6,0.277,0.649,0.076,12.029681469217,0.221,19.5259375753391,17.4790722040939
St. Martin (French part),0.017,3.71235181029908,9.01140150935879,3.29583686600433,9.13905916997122,23.3928472537366,0.061,5.25227342804663,5.44241771052179,0.02,0.1,-2.13707065451647,81,75,0.5,0.298,0.643,0.053,10.254637260432,0.56,20.2516609263337,19.7969247692188
St. Vincent and the Grenadines,0.018,3.73289633953071,5.28826703069454,2.4423470353692,4.22683374526818,20.2306731876473,0.039,5.38449506278909,4.70953020131233,0.019,0.1,-2.3434070875143,74,69,0.8,0.281,0.648,0.07,11.5982587681145,0.474,18.3372991350133,16.4545678875795
Sudan,0.037,3.58629286533884,9.33978843916307,3.66356164612965,9.63230199461281,24.2831536064932,0.05,3.98898404656427,5.19295685089021,0.06,0,-2.13707065451647,62,59,0.1,0.43,0.539,0.031,17.2935928976214,0.328,18.8261458520605,20.5817022726246
Suriname,0.02,3.32862668882732,7.77485576666552,6.54247196050681,6.55819780281227,21.6887631392333,0.062,5.77765232322266,5.29330482472449,0.025,0.1,-1.8578992717326,73,66,0.6,0.297,0.641,0.062,13.1326819572772,0.665,18.0496170625615,17.8044946045286
Swaziland,0.031,3.59181774127081,6.94793706861497,4.0943445622221,6.00635315960173,21.8043664143851,0.068,5.19295685089021,4.64439089914137,0.076,0,-2.17155683058764,47,47,0.2,0.412,0.556,0.032,13.9272782040547,0.219,17.6221730477346,17.8044946045286
Sweden,0.012,3.98341300151482,10.8421071298933,2.77258872223978,10.8239097381897,26.7124169768052,0.092,8.28071107566285,4.80402104473326,0.003,0.8,-2.95651156040071,83,79,1.1,0.172,0.651,0.174,16.021640365771,0.844,23.0274496513042,23.1815718049372
Switzerland,0.01,3.35863776724336,10.6063870245388,2.89037175789616,10.1656979590142,26.7276042532265,0.109,8.63817111796914,4.14313472639153,0.004,0.8,-3.44201937618241,84,79,1,0.16,0.679,0.16,15.8282691475238,0.735,23.2767652782,23.139090325547
Syrian Arab Republic,0.027,3.68260984110034,10.8891177624889,3.38439026334577,9.92275081871697,23.8784577168415,0.038,4.18965474202643,5.8171111599632,0.015,0.1,-2.40794560865187,77,72,0.2,0.38,0.585,0.034,16.7496287766243,0.542,21.433761655841,20.3807755279996
Tajikistan,0.03,4.42604352009066,7.84893372636407,3.91202300542815,7.7596141506969,21.7636259564305,0.048,2.94443897916644,5.41164605185504,0.052,0,-1.48280526150073,70,63,0.3,0.376,0.587,0.036,15.7549026534437,0.265,16.6188709388708,15.6072700271923
Tanzania,0.042,3.79323946943818,8.63373100766419,3.25809653802148,9.76852656710201,23.3857069954724,0.054,3.13549421592915,5.14749447681345,0.054,0,-1.88387475813586,56,54,0.1,0.447,0.523,0.03,17.5029476473702,0.255,20.7091669125669,20.1733528244724
Thailand,0.012,3.61899332664977,12.4535926619044,3.49650756146648,11.5139699193378,26.0564136611938,0.036,4.70048036579242,5.57594910314632,0.015,0.2,-2.67364877438488,76,69,0.6,0.218,0.703,0.079,18.003405585935,0.388,23.5335115503633,22.4722917635876
Timor-Leste,0.038,3.08190996979504,5.19295685089021,5.05624580534831,4.06902675423781,19.9874199018534,0.068,3.71357206670431,6.12686918411419,0.062,0,-1.96254779020834,65,62,0.1,0.478,0.494,0.028,13.8145631092765,0.269,16.8600329956877,17.9586452843558
Togo,0.038,3.96081316959758,7.21303165983487,4.17438726989564,7.77064523412918,21.5129992968401,0.065,3.2188758248682,5.59842195899838,0.067,0,-2.13707065451647,55,54,0.1,0.426,0.546,0.028,15.5534903108848,0.356,17.0736070959858,17.5531801762476
Tonga,0.028,3.31418600467253,5.06259503302697,3.34990408727461,4.04305126783455,19.505864535922,0.051,5.06890420222023,5.0998664278242,0.013,0.1,-2.17155683058764,74,69,0.3,0.38,0.56,0.059,11.5289661229643,0.232,16.458132953744,16.6005218002026
Trinidad and Tobago,0.015,3.49953328238302,10.3415166515176,3.76120011569356,9.81035749453832,23.638921105122,0.051,6.47389069635227,5.34710753071747,0.023,0.3,-2.18925640768704,73,66,1.2,0.214,0.708,0.074,14.0805466345761,0.097,20.1299639913562,18.8294736421532
Tunisia,0.017,4.11822383601204,10.0345596736298,2.39789527279837,9.06038919521268,24.2606953810978,0.056,5.26785815906333,5.42934562895444,0.019,0.1,-2.13707065451647,76,72,0.7,0.252,0.681,0.068,16.1308045496997,0.653,21.7528852541276,19.9851212904557
Turkey,0.019,3.7796338173824,12.3773711713338,1.79175946922806,11.4407310454217,26.9978396948201,0.058,6.04500531403601,5.42053499927229,0.024,0.2,-2.13707065451647,76,69,0.8,0.281,0.652,0.067,18.0441869403,0.684,23.7562938952441,21.9938687235701
Turkmenistan,0.022,3.71235181029908,10.7227165715672,3.29583686600433,9.87287369391829,23.0532324268731,0.022,4.55387689160054,5.44241771052179,0.057,0,-2.13707065451647,69,61,0,0.319,0.636,0.044,15.3844587123481,0.473,20.2516609263337,19.7969247692188
Turks and Caicos Islands,0.02,3.71235181029908,4.79579054559674,3.29583686600433,9.13905916997122,23.3928472537366,0.061,5.25227342804663,5.44241771052179,0.02,0.1,-2.13707065451647,75,69,0.5,0.298,0.643,0.053,10.227091634164,0.883,19.4922643602326,19.7969247692188
Uganda,0.046,3.55820113047182,7.73412130332831,3.41772668361337,9.13905916997122,23.0200941668308,0.088,3.46573590279973,5.38219885052874,0.064,0,-1.58474529984373,54,53,0.1,0.493,0.482,0.025,17.2070412675383,0.133,19.7609311665709,19.5680831967899
Ukraine,0.01,4.04392807630808,12.6868276460966,3.29583686600433,11.8136335789685,25.4031080509724,0.066,4.99043258677874,6.67456139181443,0.012,0,-1.74296930505862,74,63,1,0.143,0.697,0.156,17.6611319744881,0.68,22.1140501033392,21.8870414515209
United Arab Emirates,0.016,2.66722820658196,11.6626291286049,2.89037175789616,10.7048387023055,26.1264202615067,0.026,7.01121398735037,2.484906649788,0.008,0.5,-2.41911890925,77,75,1.1,0.18,0.813,0.007,15.3997617307473,0.826,21.8920258855166,22.5455545112093
United Kingdom,0.012,3.54961738678043,13.2000815392596,2.56494935746154,12.2936530272726,28.4619817711466,0.084,8.13827263853019,4.67749084756772,0.005,0.7,-3.12356564506388,81,77,1.2,0.178,0.659,0.16,17.9238701163773,0.802,24.3973108021019,24.8918981170718
United States,0.014,3.83729945923221,15.5527547055401,1.70474809223843,14.6313845336387,30.2598765830592,0.159,8.86925752279729,5.23110861685459,0.007,0.7,-3.05760767727208,80,75,0.8,0.204,0.67,0.124,19.513878104993,0.801,25.616565495288,25.3817492758315
Uruguay,0.015,3.74832691275736,8.66146668057266,3.79548918917219,8.0494270571107,23.8510458445602,0.088,6.55535689181067,5.77765232322266,0.012,0.3,-1.99510039324609,80,72,0.7,0.235,0.628,0.136,15.0185480249986,0.936,20.533315252988,19.684807471098
Uzbekistan,0.021,4.56590947203479,11.6894469001994,2.70805020110221,10.8135992333336,23.5582949551923,0.054,3.55534806148941,5.32300997913841,0.045,0.1,-2.13707065451647,71,64,0.1,0.324,0.629,0.045,17.0922117964009,0.365,17.9586452843558,19.7969247692188
Vanuatu,0.029,2.12823170584927,4.43081679884331,3.85014760171006,3.41772668361337,19.8956106361593,0.037,4.15888308335967,4.78749174278205,0.017,0.1,-2.60369018577797,72,68,0.1,0.394,0.572,0.034,12.2767827084663,0.234,18.5068584401934,16.4545678875795
"Venezuela, RB",0.022,4.00003388275086,12.1097269297435,4.94875989037817,11.0559486175645,25.9353580017008,0.057,5.95842469302978,6.76157276880406,0.015,0.2,-1.68739945390381,76,71,0.7,0.309,0.64,0.051,17.118392254479,0.886,20.4925940192114,21.3346605156341
Vietnam,0.017,3.68637632389582,11.4921307457135,3.66356164612965,10.6445912165169,24.9185360676679,0.06,3.8286413964891,6.95654544315157,0.023,0.2,-2.20727491318972,80,70,0.2,0.263,0.672,0.065,18.2381151573856,0.279,21.9470412685685,20.9543775579098
Virgin Islands (U.S.),0.013,3.71235181029908,9.01140150935879,3.29583686600433,9.13905916997122,23.3928472537366,0.061,5.25227342804663,5.44241771052179,0.02,0.3,-2.13707065451647,82,76,0.45,0.219,0.662,0.111,11.5871048631445,0.939,20.9335267624296,19.7969247692188
"Yemen, Rep.",0.035,3.86702563949741,9.90568513607962,3.94158180766969,8.82489845507348,23.671996965489,0.049,3.95124371858143,5.51342874616498,0.054,0,-1.71479842809193,63,60,0.1,0.449,0.524,0.027,16.8437929804605,0.295,19.0140075892301,19.2293862651466
Zambia,0.044,2.70805020110221,7.650168700845,3.23867845216438,8.89624587557257,23.0937152415632,0.064,4.04305126783455,5.20948615284142,0.073,0,-1.46101790731583,49,48,0.1,0.467,0.506,0.027,16.282050568931,0.37,18.4004780366348,18.4404833712485
Zimbabwe,0.032,3.59319420397953,9.24425859017964,4.57471097850338,9.1557785839835,22.5704783594726,0.061,5.25227342804663,5.48893772615669,0.058,0.1,-0.027371196796132,44,46,0.1,0.415,0.548,0.038,16.3590247377827,0.338,19.499090325303,19.7969247692188
